query_file,NumberOfLines,NumberOfKeywords,Keywords,Class,time_pretransfer_mean,time_pretransfer_median,time_pretransfer_std,time_total_mean,time_total_median,time_total_std,NumberOfResult,Error
Query_001.sparql,3,2,"{'select': 1, 'where': 1}",Success,0.0003909,0.00038199999999999996,2.0760271888607075e-05,0.0031872999999999997,0.0029365,0.0005888629438729072,154,
Query_002.sparql,3,2,"{'select': 1, 'where': 1}",Success,0.0003832,0.0003815,1.049656028314885e-05,0.0027134,0.0024774999999999997,0.0006767131675319398,7,
Query_003.sparql,9,15,"{'select': 1, 'distinct': 1, 'DateFunc': 2, 'as': 2, 'where': 1, 'PropertyPath': 2, 'optional': 5, 'Order': 1}",Success,0.00047190000000000003,0.000473,1.2775410408715298e-05,19.020642799999997,18.980368499999997,0.16736762572306998,13600,
Query_004.sparql,4,2,"{'select': 1, 'where': 1}",Success,0.0003834,0.00037949999999999995,1.8452341013781665e-05,0.0034469,0.0033664999999999997,0.00027151854857858615,40,
Query_005.sparql,3,5,"{'select': 1, 'distinct': 1, 'where': 1, 'PropertyPath': 2}",Success,0.0004385,0.000438,2.242146788732222e-05,15.7638523,14.3703065,4.166532300642561,41486,
Query_006.sparql,3,4,"{'select': 1, 'SetFunc': 1, 'as': 1, 'where': 1}",Success,0.0004037,0.00040300000000000004,1.8874144572227202e-05,2.0251313,2.019184,0.026844269365897948,1,
Query_007.sparql,4,2,"{'select': 1, 'where': 1}",Success,0.0003792,0.0003775,1.6618597346881536e-05,0.0068993,0.0068284999999999995,0.00032947131050281803,449,
Query_008.sparql,5,2,"{'select': 1, 'where': 1}",Success,0.00038270000000000003,0.000379,1.5202704437771013e-05,0.0085687,0.008262499999999999,0.000585309044674501,462,
Query_009.sparql,5,5,"{'select': 1, 'distinct': 1, 'where': 1, 'Order': 2}",Success,0.00040249999999999997,0.0003895,2.2628644580609653e-05,0.09694040000000001,0.096075,0.0022151961638745285,0,Empty Response
Query_010.sparql,5,7,"{'select': 1, 'distinct': 1, 'where': 1, 'PropertyPath': 2, 'Order': 2}",Success,0.00043860000000000004,0.000438,2.732601528051815e-05,9.3230625,9.3108375,0.039275721602395654,0,Empty Response
Query_011.sparql,5,3,"{'select': 1, 'where': 1, 'limit': 1}",Success,0.0003779,0.00037600000000000003,1.0322036836034083e-05,0.0041271,0.003976,0.0003514963094479876,200,
Query_012.sparql,9,8,"{'select': 1, 'SetFunc': 1, 'as': 1, 'where': 1, 'groupby': 1, 'Order': 2, 'limit': 1}",Success,0.0004537,0.00044899999999999996,1.8499549544065493e-05,4.2510603,4.2456344999999995,0.020124057510297954,200,
Query_013.sparql,12,17,"{'select': 1, 'where': 1, 'PropertyPath': 2, 'optional': 3, 'filter': 3, 'bound': 1, 'TermFunc': 2, 'bind': 1, 'DateFunc': 1, 'as': 1, 'limit': 1}",Timeout,,,,,,,,com.complexible.stardog.plan.eval.operator.OperatorException$Cancelled: Query execution cancelled: Execution time exceeded query timeout 300000
Query_014.sparql,5,5,"{'select': 1, 'SetFunc': 1, 'as': 1, 'where': 1, 'groupby': 1}",Success,0.0003937,0.00039099999999999996,1.4735067771212401e-05,0.0347161,0.0345235,0.0006564744981083926,1,
Query_016.sparql,2,2,"{'select': 1, 'where': 1}",Success,0.0003826,0.00038100000000000005,1.0383747985300023e-05,0.0031938,0.0031655,0.00021972902503866997,325,
Query_017.sparql,7,7,"{'select': 1, 'distinct': 1, 'where': 1, 'filter': 2, 'in': 1, 'StringFunc': 1}",Timeout,0.00046740000000000003,0.00046,1.7500476183997586e-05,324.1959879,325.2422325,4.232610437625011,4,
Query_018.sparql,6,3,"{'select': 1, 'where': 1, 'limit': 1}",Success,0.0003906,0.0003835,2.481576559814793e-05,0.0024105999999999997,0.002327,0.00020998793616142157,10,
Query_019.sparql,9,3,"{'select': 1, 'where': 1, 'values': 1}",Success,0.0003779,0.000374,1.0450412006763714e-05,0.0032446000000000003,0.0032325,0.00010597400100443923,4,
Query_020.sparql,7,6,"{'select': 1, 'distinct': 1, 'SetFunc': 1, 'as': 1, 'where': 1, 'groupby': 1}",Success,0.00038270000000000003,0.0003775,1.5663474852166244e-05,0.0033324,0.0033155,9.644941103443235e-05,1,
Query_021.sparql,7,4,"{'select': 1, 'where': 1, 'PropertyPath': 1, 'optional': 1}",Success,0.0003987,0.00039650000000000004,1.8245547402037584e-05,0.0523666,0.051297999999999996,0.0025701627791077947,2,
Query_022.sparql,7,4,"{'select': 1, 'where': 1, 'values': 1, 'optional': 1}",Success,0.0003829,0.00038199999999999996,1.0702543830531338e-05,0.050292,0.0502275,0.0003554502621871139,2,
Query_023.sparql,5,2,"{'select': 1, 'where': 1}",Success,0.0003667,0.0003655,1.3904835290086848e-05,0.0023006,0.002278,9.386302076252739e-05,0,Empty Response
Query_024.sparql,10,3,"{'select': 1, 'where': 1, 'minus': 1}",Success,0.0003749,0.00037549999999999997,6.1182786250164615e-06,0.0026391,0.0026290000000000003,3.402107190159256e-05,0,Empty Response
Query_025.sparql,7,4,"{'select': 1, 'distinct': 1, 'where': 1, 'values': 1}",Success,0.00039240000000000005,0.00039400000000000004,1.8590320061795606e-05,0.002637,0.0026225,8.796590248499706e-05,0,Empty Response
Query_026.sparql,5,3,"{'select': 1, 'where': 1, 'Order': 1}",Success,0.0003652,0.000365,7.955431408094018e-06,0.002342,0.0023420000000000003,3.6971460464646083e-05,0,Empty Response
Query_027.sparql,4,2,"{'select': 1, 'where': 1}",Success,0.00037299999999999996,0.00037200000000000004,9.695359714832668e-06,0.0022442,0.0022459999999999997,1.7750117370503905e-05,0,Empty Response
Query_028.sparql,6,3,"{'select': 1, 'where': 1, 'minus': 1}",Success,0.00037160000000000003,0.000372,7.3514926677814536e-06,0.0024067,0.002391,5.87613818761948e-05,0,Empty Response
Query_029.sparql,4,4,"{'select': 1, 'where': 1, 'filter': 1, 'StringFunc': 1}",Success,0.0003798,0.000371,1.708670698395556e-05,0.0023219,0.0023195000000000004,5.618511072042732e-05,0,Empty Response
Query_030.sparql,8,2,"{'select': 1, 'where': 1}",Success,0.00038040000000000003,0.000379,8.099382692526638e-06,0.0025717,0.0025494999999999997,0.00010266455625536541,0,Empty Response
Query_031.sparql,8,5,"{'select': 1, 'distinct': 1, 'where': 1, 'Order': 1, 'StringFunc': 1}",Success,0.00038120000000000005,0.0003795,9.211104409594123e-06,0.0029295000000000002,0.002934,8.838583345511611e-05,0,Empty Response
Query_032.sparql,23,11,"{'select': 1, 'distinct': 1, 'where': 1, 'minus': 2, 'values': 2, 'filter': 1, 'notexists': 1, 'Order': 1, 'StringFunc': 1}",Success,0.00039830000000000003,0.000399,1.3856807392437517e-05,0.0039625,0.0039115,0.0002035830433890694,0,Empty Response
Query_033.sparql,8,7,"{'select': 1, 'SetFunc': 1, 'as': 1, 'where': 1, 'groupby': 1, 'Order': 2}",Success,0.0003755,0.000374,1.0222524150130418e-05,0.0030469,0.002989,0.00017092262706980732,1,
Query_034.sparql,6,3,"{'select': 1, 'where': 1, 'Order': 1}",Success,0.0003747,0.000375,9.345824973989427e-06,0.0023997000000000003,0.002404,6.401397416883997e-05,0,Empty Response
Query_035.sparql,7,4,"{'select': 1, 'where': 1, 'Order': 1, 'StringFunc': 1}",Success,0.00038040000000000003,0.00037799999999999997,1.6201508846057798e-05,0.0026151,0.002603,5.489069947531076e-05,0,Empty Response
Query_036.sparql,8,8,"{'select': 1, 'SetFunc': 1, 'as': 1, 'where': 1, 'groupby': 1, 'Order': 2, 'limit': 1}",Success,0.0003767,0.00037600000000000003,1.1155965021259057e-05,0.0026539,0.0026115,0.00010811768279672532,1,
Query_037.sparql,8,2,"{'select': 1, 'where': 1}",Success,0.00038270000000000003,0.0003765,1.652640984068296e-05,0.0026448,0.0026295,6.06131632201749e-05,0,Empty Response
Query_038.sparql,8,2,"{'select': 1, 'where': 1}",Success,0.0003725,0.0003715,7.137537701787964e-06,0.0024418,0.002435,3.092931008319167e-05,0,Empty Response
Query_039.sparql,4,4,"{'select': 1, 'Order': 2, 'limit': 1}",Success,0.0003649,0.000369,1.1386639344229508e-05,0.0022733,0.0022649999999999997,4.631786312476474e-05,0,Empty Response
Query_040.sparql,3,2,"{'select': 1, 'where': 1}",Success,0.0003794,0.00037600000000000003,1.9449078812804125e-05,0.006671000000000001,0.0066,0.0002483782957059209,740,
Query_041.sparql,2,4,"{'select': 1, 'distinct': 1, 'where': 1, 'PropertyPath': 1}",Success,0.000379,0.0003715,1.7224014243685092e-05,0.0024142,0.0024075,7.677210141422171e-05,39,
Query_042.sparql,5,7,"{'select': 1, 'SetFunc': 1, 'as': 1, 'where': 1, 'groupby': 1, 'Order': 2}",Success,0.0003742,0.0003735,1.212710462833838e-05,0.0242711,0.024281,0.00015796163387917365,17,
Query_043.sparql,4,3,"{'select': 1, 'distinct': 1, 'where': 1}",Success,0.00038909999999999997,0.00039150000000000003,1.8235801173637656e-05,0.0618712,0.061838500000000005,0.0005815727335806311,107,
Query_044.sparql,3,6,"{'select': 1, 'where': 1, 'Order': 2, 'StringFunc': 1, 'TermFunc': 1}",Success,0.0004087,0.00040050000000000003,2.202044504545719e-05,0.0845158,0.08336099999999999,0.0025909367589520326,9346,
Query_045.sparql,6,10,"{'select': 1, 'SetFunc': 1, 'as': 1, 'PropertyPath': 4, 'groupby': 1, 'Order': 2}",Timeout,,,,,,,,com.complexible.stardog.plan.eval.operator.OperatorException$Cancelled: Query execution cancelled: Execution time exceeded query timeout 300000
Query_046.sparql,4,2,"{'select': 1, 'where': 1}",Success,0.00043490000000000005,0.00043099999999999996,1.5095621145808398e-05,0.6766211,0.6740625,0.006300362872265565,14591,
Query_047.sparql,4,2,"{'select': 1, 'where': 1}",Success,0.0003864,0.0003855,1.651396715241711e-05,0.007488400000000001,0.007321,0.0003629034766068425,203,
Query_048.sparql,12,19,"{'select': 2, 'where': 2, 'SetFunc': 1, 'as': 1, 'PropertyPath': 2, 'minus': 3, 'filter': 1, 'notexists': 1, 'groupby': 1, 'Order': 4, 'limit': 1}",Success,0.00046259999999999997,0.0004635,1.0479609831583542e-05,247.9544014,247.9011965,1.4894852911387566,1000,
Query_049.sparql,6,3,"{'select': 1, 'where': 1, 'Order': 1}",Success,0.0003885,0.000387,2.043553549851608e-05,0.1410479,0.140573,0.0012240649447185826,2,
Query_050.sparql,9,9,"{'select': 1, 'SetFunc': 1, 'distinct': 1, 'as': 1, 'where': 1, 'PropertyPath': 1, 'groupby': 1, 'Order': 2}",Timeout,0.00046090000000000004,0.0004565,3.35441665735059e-05,47.0649887,0.998676,141.6149990314789,,com.complexible.stardog.plan.eval.operator.OperatorException$Cancelled: Query execution cancelled: Execution time exceeded query timeout 300000
Query_051.sparql,7,8,"{'select': 1, 'distinct': 1, 'where': 1, 'filter': 2, 'TermFunc': 2, 'limit': 1}",Success,0.00045149999999999997,0.000455,1.5378556499229698e-05,201.6253681,201.68653899999998,0.6159355135810219,168,
Query_052.sparql,8,5,"{'select': 1, 'distinct': 1, 'where': 1, 'Order': 1, 'limit': 1}",Success,0.0004512,0.00045549999999999996,1.5901083121738732e-05,20.712828899999998,20.702288000000003,0.16262086323268735,300,
Query_053.sparql,7,3,"{'select': 1, 'where': 1, 'optional': 1}",Success,0.0004473,0.0004485,1.384878654932946e-05,1.4911083,1.5041725000000001,0.08695754604920727,39986,
Query_054.sparql,6,6,"{'select': 1, 'where': 1, 'filter': 1, 'Order': 2, 'limit': 1}",Success,0.0005039,0.0005015,3.3978588028999177e-05,7.923841,7.9056495,0.0757686548778583,0,Empty Response
Query_056.sparql,6,5,"{'select': 1, 'where': 1, 'groupby': 1, 'Order': 2}",Success,0.00039519999999999996,0.0003925,1.4211106767439203e-05,0.0338337,0.0314575,0.00712441512687182,1,
Query_057.sparql,10,5,"{'select': 1, 'distinct': 1, 'where': 1, 'values': 1, 'Order': 1}",Success,0.0003886,0.000392,1.4675754760072054e-05,0.010793800000000001,0.010588,0.0005154492754438164,549,
Query_058.sparql,4,2,"{'select': 1, 'where': 1}",Success,0.0003821,0.00037850000000000004,1.4563653387800724e-05,0.0044655,0.004377000000000001,0.0003186681485321196,327,
Query_059.sparql,6,2,"{'select': 1, 'where': 1}",Success,0.00040940000000000003,0.000412,1.0002221975363495e-05,0.21402960000000001,0.21420250000000002,0.00125342926937793,0,Empty Response
Query_060.sparql,5,5,"{'select': 1, 'distinct': 1, 'where': 1, 'filter': 1, 'StringFunc': 1}",Success,0.0004104,0.00040899999999999997,2.490069164590502e-05,0.0663232,0.0649775,0.0037119721562652963,1451,
Query_061.sparql,13,15,"{'select': 2, 'where': 2, 'SetFunc': 2, 'distinct': 1, 'as': 2, 'DateFunc': 1, 'filter': 1, 'TermFunc': 1, 'groupby': 1, 'Order': 2}",Success,0.0004052,0.000397,2.9854461791981603e-05,0.022659699999999998,0.021950499999999998,0.0025540675641459103,34,
Query_062.sparql,7,6,"{'select': 1, 'distinct': 1, 'PropertyPath': 2, 'Order': 2}",Success,0.00039119999999999997,0.00039,1.4451451291979123e-05,0.0115283,0.0096825,0.004029533804024701,94,
Query_063.sparql,19,17,"{'select': 2, 'where': 2, 'SetFunc': 4, 'as': 4, 'union': 1, 'optional': 1, 'groupby': 1, 'Order': 2}",Timeout,,,,,,,,com.complexible.stardog.plan.eval.operator.OperatorException$Cancelled: Query execution cancelled: Execution time exceeded query timeout 300000
Query_064.sparql,5,11,"{'select': 1, 'distinct': 1, 'where': 1, 'PropertyPath': 8}",Success,0.0004207,0.000423,1.4126806669119048e-05,0.11309609999999999,0.1119985,0.003498261614319629,2,
Query_065.sparql,21,22,"{'select': 3, 'where': 3, 'SetFunc': 5, 'as': 5, 'union': 1, 'optional': 1, 'groupby': 2, 'Order': 2}",Timeout,,,,,,,,com.complexible.stardog.plan.eval.operator.OperatorException$Cancelled: Query execution cancelled: Execution time exceeded query timeout 300000
Query_066.sparql,10,16,"{'select': 2, 'PropertyPath': 1, 'as': 3, 'where': 2, 'SetFunc': 2, 'distinct': 2, 'groupby': 1, 'Order': 2, 'limit': 1}",Success,0.00042579999999999994,0.0004265,1.9077619231852688e-05,1.6782741,1.673683,0.021628062888807788,100,
Query_067.sparql,8,5,"{'select': 1, 'where': 1, 'bind': 1, 'as': 1, 'Order': 1}",Success,0.0003881,0.0003885,2.1982063395211814e-05,0.0043734,0.0043075000000000006,0.0003789556409103547,0,Empty Response
Query_069.sparql,15,17,"{'select': 1, 'SetFunc': 4, 'as': 4, 'optional': 3, 'PropertyPath': 1, 'groupby': 1, 'Order': 1, 'if': 1, 'bound': 1}",Success,0.0004186,0.00041799999999999997,2.5889508814704585e-05,0.0182391,0.018035,0.0006840536772310604,456,
Query_070.sparql,8,7,"{'select': 1, 'distinct': 1, 'where': 1, 'PropertyPath': 2, 'optional': 1, 'Order': 1}",Success,0.000436,0.0004385,1.3097921802925671e-05,0.16559980000000002,0.1655645,0.00155328560727826,481,
Query_071.sparql,7,7,"{'select': 1, 'SetFunc': 1, 'as': 1, 'where': 1, 'optional': 1, 'groupby': 1, 'Order': 1}",Success,0.00039420000000000004,0.000383,1.836542645540498e-05,0.0052532,0.005127,0.0004560408851066852,61,
Query_072.sparql,6,6,"{'select': 1, 'SetFunc': 1, 'distinct': 1, 'as': 1, 'where': 1, 'groupby': 1}",Success,0.0004004,0.00040300000000000004,2.027697106462294e-05,0.068581,0.067686,0.0022898221182732427,2603,
Query_073.sparql,11,13,"{'select': 1, 'SetFunc': 2, 'as': 2, 'where': 1, 'minus': 1, 'optional': 3, 'groupby': 1, 'Order': 2}",Success,0.00042259999999999997,0.0004225,1.8470396735196444e-05,0.18206819999999999,0.1811575,0.003315683264594359,2826,
Query_074.sparql,8,3,"{'select': 1, 'where': 1, 'limit': 1}",Success,0.000406,0.00039099999999999996,3.317629675938329e-05,0.077061,0.0768295,0.0013605365771554134,137,
Query_075.sparql,6,7,"{'select': 1, 'where': 1, 'optional': 2, 'PropertyPath': 1, 'Order': 2}",Success,0.00043030000000000005,0.00042750000000000004,2.2876722764514256e-05,0.5722901,0.5725715,0.0031954225750804076,17,
Query_076.sparql,4,2,"{'select': 1, 'where': 1}",Success,0.0004351,0.0004345,1.6589487970130716e-05,0.5537916,0.5426225,0.03577321364186705,46479,
Query_077.sparql,4,4,"{'select': 1, 'distinct': 1, 'where': 1, 'filter': 1}",Success,0.0004381,0.0004375,1.3411852138231232e-05,13.27166,13.2478355,0.058162207674361706,5819,
Query_078.sparql,12,9,"{'select': 1, 'distinct': 1, 'where': 1, 'values': 1, 'filter': 2, 'StringFunc': 1, 'Order': 1, 'limit': 1}",Success,0.0004194,0.0004175,1.7449609992457965e-05,2.0408361,2.0412084999999998,0.010842365972322337,0,Empty Response
Query_080.sparql,7,9,"{'select': 1, 'distinct': 1, 'where': 1, 'filter': 2, 'notexists': 2, 'optional': 1, 'Order': 1}",Success,0.0003786,0.000379,8.758487946621344e-06,0.0048186,0.0047295,0.00024133941060488015,202,
Query_081.sparql,7,8,"{'select': 1, 'distinct': 1, 'where': 1, 'PropertyPath': 3, 'minus': 2}",Success,0.0003844,0.0003855,1.0782702196883091e-05,0.008143300000000001,0.0076225,0.001038375231899443,193,
Query_082.sparql,11,14,"{'select': 2, 'distinct': 1, 'where': 2, 'SetFunc': 1, 'as': 1, 'PropertyPath': 4, 'groupby': 1, 'Order': 2}",Success,0.0004537,0.00044899999999999996,2.1312750487286552e-05,20.4456488,20.4198695,0.10096005228780117,0,Empty Response
Query_083.sparql,16,17,"{'select': 3, 'NumbericFunc': 1, 'PropertyPath': 1, 'as': 2, 'where': 3, 'SetFunc': 1, 'distinct': 1, 'filter': 1, 'notexists': 1, 'groupby': 1, 'Order': 2}",Success,0.0004658,0.000467,1.5368076580293897e-05,7.2322484000000005,7.237057999999999,0.019547453304999095,27,
Query_084.sparql,5,5,"{'select': 1, 'where': 1, 'PropertyPath': 2, 'limit': 1}",Success,0.0004235,0.000424,1.934626004626677e-05,0.3350654,0.334472,0.003131793032752952,100,
Query_085.sparql,5,5,"{'select': 1, 'distinct': 1, 'groupby': 1, 'Order': 2}",Success,0.0003835,0.000384,8.514693182963204e-06,0.005386,0.005332999999999999,0.00019294501231640536,183,
Query_086.sparql,8,9,"{'select': 2, 'PropertyPath': 1, 'as': 2, 'SetFunc': 1, 'where': 1, 'groupby': 1, 'Order': 1}",Success,0.0003941,0.000395,1.4122086720217153e-05,0.0457769,0.045873,0.0005659429594343704,240,
Query_087.sparql,9,10,"{'select': 1, 'distinct': 1, 'where': 1, 'filter': 3, 'TermFunc': 3, 'Order': 1}",Timeout,,,,,,,,com.complexible.stardog.plan.eval.operator.OperatorException$Cancelled: Query execution cancelled: Execution time exceeded query timeout 300000
Query_088.sparql,8,7,"{'select': 1, 'distinct': 1, 'where': 1, 'filter': 1, 'in': 1, 'optional': 1, 'groupby': 1}",Success,0.0003928,0.000388,1.925155116405484e-05,0.01647,0.0164955,0.0003108450846750939,47,
Query_089.sparql,9,7,"{'select': 1, 'where': 1, 'values': 1, 'PropertyPath': 1, 'optional': 2, 'limit': 1}",Success,0.00038730000000000004,0.0003855,1.4840260554765647e-05,0.0202976,0.020305999999999998,0.00022937315545731158,100,
Query_090.sparql,12,10,"{'select': 1, 'distinct': 1, 'where': 1, 'optional': 3, 'PropertyPath': 2, 'filter': 1, 'bound': 1}",Success,0.000453,0.000446,2.109765653126222e-05,1.7625635,1.7587035,0.01449584780587577,31903,
Query_091.sparql,6,8,"{'select': 1, 'distinct': 1, 'where': 1, 'PropertyPath': 2, 'Order': 2, 'limit': 1}",Success,0.00042189999999999996,0.00041850000000000004,2.1584202041719735e-05,2.054254,2.0533715,0.00679379241170458,100,
Query_092.sparql,5,5,"{'select': 1, 'distinct': 1, 'where': 1, 'filter': 1, 'NumbericFunc': 1}",Success,0.00041190000000000004,0.00041049999999999995,1.337867291209741e-05,1.0887132,1.0856029999999999,0.013622839504955587,73,
Query_093.sparql,7,6,"{'select': 1, 'distinct': 1, 'where': 1, 'PropertyPath': 1, 'filter': 1, 'StringFunc': 1}",Success,0.0004411,0.0004445,1.810125839701637e-05,58.595715799999994,45.071102499999995,42.84366403667615,,Incomplete result
Query_094.sparql,7,3,"{'select': 1, 'where': 1, 'values': 1}",Success,0.0003959,0.0003855,2.462812303941256e-05,0.0252685,0.0029950000000000003,0.07021879008301285,12,
Query_095.sparql,5,3,"{'select': 1, 'where': 1, 'values': 1}",Success,0.00036649999999999996,0.00036700000000000003,5.50252467307307e-06,0.0029546,0.0029155,0.00013255958827804366,54,
Query_096.sparql,5,3,"{'select': 1, 'where': 1, 'values': 1}",Success,0.0003823,0.00037549999999999997,1.8196764059090892e-05,0.0152146,0.0030625,0.03850803587477987,44,
Query_097.sparql,6,6,"{'select': 1, 'distinct': 1, 'where': 1, 'values': 1, 'PropertyPath': 2}",Success,0.0003779,0.000377,1.0826408042888065e-05,0.0038891000000000004,0.003809,0.00029427404083797647,76,
Query_098.sparql,15,10,"{'select': 1, 'where': 1, 'filter': 4, 'TermFunc': 3, 'limit': 1}",Timeout,,,,,,,,com.complexible.stardog.plan.eval.operator.OperatorException$Cancelled: Query execution cancelled: Execution time exceeded query timeout 300000
Query_099.sparql,23,35,"{'select': 4, 'where': 4, 'SetFunc': 2, 'as': 5, 'PropertyPath': 4, 'groupby': 2, 'optional': 1, 'bind': 2, 'filter': 1, 'StringFunc': 2, 'coalesce': 1, 'if': 6, 'Order': 1}",Error,0.0003934,0.0003925,7.919034733546207e-06,0.0035662,0.0033565,0.00038348339091949106,,com.complexible.stardog.plan.eval.ExecutionException: Unrecognized function: http://www.opengis.net/def/geosparql/function/distance
Query_100.sparql,16,30,"{'select': 3, 'as': 7, 'where': 3, 'SetFunc': 2, 'PropertyPath': 4, 'groupby': 2, 'optional': 1, 'bind': 3, 'TermFunc': 1, 'NumbericFunc': 1, 'StringFunc': 2, 'Order': 1}",Error,0.0003934,0.0003925,1.6174053295324583e-05,0.0030548,0.0030464999999999997,0.0001272153030626949,,com.complexible.stardog.plan.eval.ExecutionException: Unrecognized function: http://www.opengis.net/def/geosparql/function/distance
Query_101.sparql,14,22,"{'select': 3, 'as': 5, 'where': 3, 'SetFunc': 2, 'PropertyPath': 4, 'groupby': 2, 'optional': 1, 'bind': 1, 'Order': 1}",Error,0.0003976,0.000396,9.777525249264255e-06,0.0030841,0.003083,0.0002641954032739991,,com.complexible.stardog.plan.eval.ExecutionException: Unrecognized function: http://www.opengis.net/def/geosparql/function/distance
Query_102.sparql,14,23,"{'select': 3, 'as': 6, 'where': 3, 'SetFunc': 2, 'PropertyPath': 4, 'groupby': 2, 'optional': 1, 'bind': 1, 'Order': 1}",Error,0.0003815,0.000381,6.078194176270138e-06,0.0032730999999999997,0.0027540000000000004,0.0016018732402340008,,com.complexible.stardog.plan.eval.ExecutionException: Unrecognized function: http://www.opengis.net/def/geosparql/function/distance
Query_103.sparql,14,23,"{'select': 3, 'as': 6, 'where': 3, 'SetFunc': 2, 'PropertyPath': 4, 'groupby': 2, 'optional': 1, 'bind': 1, 'Order': 1}",Error,0.0003946,0.00039099999999999996,1.903914097035074e-05,0.0028683,0.002874,8.558173481142647e-05,,com.complexible.stardog.plan.eval.ExecutionException: Unrecognized function: http://www.opengis.net/def/geosparql/function/distance
Query_104.sparql,21,32,"{'select': 3, 'as': 7, 'where': 3, 'SetFunc': 2, 'PropertyPath': 4, 'groupby': 2, 'optional': 1, 'bind': 2, 'coalesce': 1, 'if': 6, 'Order': 1}",Error,0.00039370000000000003,0.00039,9.416887903005803e-06,0.0029918,0.002953,0.00011394911144892697,,com.complexible.stardog.plan.eval.ExecutionException: Unrecognized function: http://www.opengis.net/def/geosparql/function/distance
Query_105.sparql,30,60,"{'select': 5, 'where': 5, 'SetFunc': 7, 'as': 15, 'StringFunc': 3, 'PropertyPath': 9, 'TermFunc': 1, 'if': 2, 'NumbericFunc': 3, 'groupby': 4, 'optional': 2, 'bind': 2, 'filter': 1, 'Order': 1}",Error,0.00041549999999999996,0.000412,1.726428555010474e-05,0.0035930000000000003,0.0035440000000000003,0.00011862171433220431,,com.complexible.stardog.plan.eval.ExecutionException: Unrecognized function: http://www.opengis.net/def/geosparql/function/distance
Query_106.sparql,3,2,"{'select': 1, 'where': 1}",Success,0.0003685,0.0003635,1.5005554527129831e-05,0.0026544000000000003,0.002505,0.0003374539310121541,11,
Query_107.sparql,7,6,"{'select': 1, 'where': 1, 'optional': 2, 'groupby': 1, 'Order': 1}",Success,0.0004059,0.0004035,1.9587127292064954e-05,0.0464881,0.0463895,0.0008339271817397724,1582,
Query_108.sparql,8,7,"{'select': 1, 'where': 1, 'PropertyPath': 2, 'Order': 2, 'limit': 1}",Success,0.00044140000000000005,0.000442,1.5791699648162578e-05,9.1002996,9.1000115,0.030719761255582952,50,
Query_109.sparql,12,12,"{'select': 2, 'where': 2, 'SetFunc': 1, 'as': 1, 'PropertyPath': 4, 'groupby': 1, 'Order': 1}",Success,0.00043620000000000003,0.000428,1.617130517648811e-05,1.6311795,1.624982,0.022048106495922936,0,Empty Response
Query_110.sparql,5,5,"{'select': 1, 'where': 1, 'PropertyPath': 2, 'optional': 1}",Success,0.00039,0.000388,1.834847859269717e-05,0.07376920000000001,0.0736885,0.0009147061215980223,77,
Query_111.sparql,6,9,"{'select': 1, 'SetFunc': 1, 'as': 1, 'where': 1, 'PropertyPath': 1, 'groupby': 1, 'Order': 2, 'limit': 1}",Success,0.0004122,0.0004015,2.864262557797383e-05,0.9054508,0.9046970000000001,0.004896406251300826,10,
Query_112.sparql,25,53,"{'select': 2, 'SetFunc': 11, 'as': 10, 'StringFunc': 5, 'DateFunc': 2, 'if': 3, 'bound': 1, 'where': 2, 'PropertyPath': 5, 'optional': 5, 'filter': 1, 'exists': 2, 'TermFunc': 3, 'groupby': 1}",Success,0.0004890000000000001,0.0004885,1.1489125293076042e-05,10.7667267,10.7926335,0.07552292323534027,21,
Query_113.sparql,12,5,"{'select': 1, 'distinct': 1, 'filter': 1, 'Order': 2}",Success,0.00039890000000000005,0.00039150000000000003,1.767892656369284e-05,0.11659349999999999,0.115814,0.002362332333850507,210,
Query_114.sparql,6,5,"{'select': 1, 'where': 1, 'filter': 1, 'Order': 2}",Success,0.00042189999999999996,0.000426,1.6237473804614907e-05,0.6478554,0.640198,0.023375573396175773,2379,
Query_115.sparql,10,5,"{'select': 1, 'where': 1, 'filter': 1, 'Order': 2}",Success,0.0004491,0.00044950000000000003,9.170605214488307e-06,12.419902,12.397538999999998,0.14448648028333458,2379,
Query_116.sparql,7,5,"{'select': 1, 'where': 1, 'filter': 1, 'Order': 2}",Success,0.00043670000000000004,0.00043349999999999997,2.0000277775848803e-05,5.751977999999999,5.7354135,0.04293086269547557,2379,
Query_117.sparql,6,4,"{'select': 1, 'where': 1, 'PropertyPath': 1, 'filter': 1}",Success,0.00043579999999999997,0.00044,1.280451309326346e-05,4.3231819,4.317425500000001,0.024224233135207603,15,
Query_118.sparql,6,4,"{'select': 1, 'PropertyPath': 2, 'filter': 1}",Success,0.00041929999999999995,0.000415,1.5930752929127006e-05,1.0220297999999999,1.0214655000000001,0.005898753857101243,57,
Query_120.sparql,10,7,"{'select': 1, 'PropertyPath': 2, 'optional': 1, 'filter': 1, 'TermFunc': 1, 'Order': 1}",Success,0.00039959999999999996,0.0004005,1.8434267607426714e-05,0.08201119999999999,0.0818855,0.0006993695255966868,25,
Query_121.sparql,3,2,"{'select': 1, 'distinct': 1}",Success,0.00045989999999999996,0.00046049999999999997,2.6036086068719656e-05,0.012699499999999999,0.0115885,0.002604761718681982,118,
Query_122.sparql,9,9,"{'select': 2, 'where': 2, 'SetFunc': 1, 'as': 1, 'groupby': 1, 'Order': 2}",Success,0.0003806,0.00038,1.2491775071800028e-05,0.0037872,0.0037645,0.00010279515768967163,48,
Query_123.sparql,11,7,"{'select': 1, 'where': 1, 'PropertyPath': 1, 'bind': 1, 'as': 1, 'filter': 1, 'optional': 1}",Success,0.00045440000000000004,0.000454,1.227644537767798e-05,11.8073826,11.8140735,0.05892485195983826,92363,
Query_124.sparql,5,7,"{'select': 1, 'SetFunc': 1, 'as': 1, 'where': 1, 'groupby': 1, 'Order': 2}",Success,0.0004001,0.000396,2.0626035327549834e-05,1.9881253,1.9823680000000001,0.022823275872816007,41,
Query_126.sparql,3,3,"{'select': 1, 'filter': 1, 'in': 1}",Success,0.0003792,0.000377,1.0261037417770605e-05,0.0023751,0.0023655,3.85442026192728e-05,3,
Query_127.sparql,6,4,"{'select': 1, 'where': 1, 'minus': 2}",Success,0.0005051,0.0005015,3.078762377608539e-05,0.0387849,0.036613,0.006400225090659792,352,
Query_128.sparql,10,16,"{'select': 2, 'where': 2, 'optional': 3, 'SetFunc': 2, 'as': 2, 'PropertyPath': 2, 'groupby': 1, 'Order': 2}",Success,0.0003807,0.000371,2.2216360337973143e-05,0.009270200000000001,0.0089645,0.000879790858986132,144,
Query_129.sparql,16,20,"{'select': 3, 'PropertyPath': 5, 'as': 2, 'where': 3, 'SetFunc': 1, 'distinct': 1, 'filter': 1, 'notexists': 1, 'groupby': 1, 'Order': 2}",Success,0.0004653,0.000461,2.0907468096883983e-05,2.1037956,2.1029035,0.005698834972557446,16,
Query_130.sparql,10,11,"{'select': 1, 'SetFunc': 1, 'as': 1, 'where': 1, 'optional': 1, 'filter': 1, 'TermFunc': 1, 'groupby': 1, 'Order': 2, 'limit': 1}",Success,0.00044330000000000004,0.0004435,1.4314328485821472e-05,4.9469025,4.945746,0.03205919872586416,50,
Query_131.sparql,18,10,"{'select': 1, 'distinct': 1, 'DateFunc': 1, 'as': 1, 'where': 1, 'optional': 2, 'minus': 1, 'union': 1, 'Order': 1}",Success,0.00043299999999999995,0.000432,2.7059604990136543e-05,0.170439,0.16991699999999998,0.0025582011909412684,0,Empty Response
Query_132.sparql,4,3,"{'select': 1, 'where': 1, 'Order': 1}",Success,0.00047209999999999993,0.000475,1.6044729144904052e-05,0.0071049,0.007157999999999999,0.00020529190599404202,1,
Query_133.sparql,9,10,"{'select': 1, 'where': 1, 'PropertyPath': 2, 'filter': 3, 'TermFunc': 1, 'StringFunc': 1, 'notexists': 1}",Success,0.00044689999999999997,0.0004535,1.6414424550782566e-05,143.9190342,61.784816,161.96975137486322,,Incomplete result
Query_134.sparql,9,15,"{'select': 2, 'where': 2, 'SetFunc': 1, 'distinct': 1, 'as': 1, 'PropertyPath': 2, 'filter': 2, 'notexists': 1, 'groupby': 1, 'Order': 2}",Success,0.0004458,0.0004505,2.0076520282824577e-05,31.5418811,31.499646499999997,0.17957789393367976,2519,
Query_135.sparql,8,3,"{'select': 1, 'where': 1, 'Order': 1}",Success,0.0004122,0.0004165,1.3709688382875657e-05,0.2666496,0.2635075,0.007350247905116303,10969,
Query_136.sparql,6,6,"{'select': 1, 'where': 1, 'PropertyPath': 2, 'minus': 1, 'Order': 1}",Success,0.00041929999999999995,0.0004225,1.4376292212450943e-05,2.0386161,2.037032,0.009709916688623078,0,Empty Response
Query_137.sparql,7,7,"{'select': 1, 'where': 1, 'bind': 1, 'TermFunc': 1, 'as': 1, 'union': 1, 'minus': 1}",Success,0.0005055999999999999,0.000501,1.4576998624164327e-05,0.0087937,0.008795,0.0005248422090918799,0,Empty Response
Query_138.sparql,2,4,"{'select': 1, 'where': 1, 'Order': 1, 'limit': 1}",Success,0.00048009999999999996,0.0004775,1.7666352198459067e-05,0.0055681,0.0055025000000000004,0.00020834397306164403,1,
Query_139.sparql,6,11,"{'select': 1, 'distinct': 1, 'where': 1, 'PropertyPath': 4, 'optional': 1, 'Order': 2, 'limit': 1}",Success,0.0004547,0.000457,1.2901765598380545e-05,43.1561104,43.133255000000005,0.5874145000667859,10,
Query_140.sparql,6,2,"{'select': 1, 'where': 1}",Success,0.0004018,0.000397,2.0719287847049394e-05,0.0513849,0.051182000000000005,0.0008041972463961254,5,
Query_141.sparql,6,14,"{'select': 1, 'PropertyPath': 3, 'optional': 2, 'bind': 2, 'NumbericFunc': 2, 'as': 2, 'StringFunc': 1, 'TermFunc': 1}",Success,0.0004483,0.000449,1.5606622525923622e-05,8.433774099999999,8.430556,0.09276675395546288,9679,
Query_142.sparql,6,2,"{'select': 1, 'where': 1}",Success,0.0004038,0.00040249999999999997,2.7631704817312878e-05,0.0464536,0.0449935,0.003287644857814042,2493,
Query_143.sparql,28,26,"{'select': 3, 'where': 3, 'SetFunc': 5, 'as': 5, 'NumbericFunc': 1, 'DateFunc': 2, 'PropertyPath': 2, 'groupby': 2, 'filter': 1, 'Order': 2}",Success,0.0004776,0.0004775,1.4361986863476326e-05,14.987975299999999,14.9596445,0.07880857477605734,199,
Query_144.sparql,6,8,"{'select': 1, 'SetFunc': 1, 'as': 1, 'groupby': 1, 'having': 1, 'Order': 2, 'limit': 1}",Success,0.00042380000000000006,0.0004215,2.622890686924553e-05,4.6021887,4.575257000000001,0.08688002125159583,100,
Query_145.sparql,10,13,"{'select': 2, 'where': 2, 'SetFunc': 1, 'as': 1, 'groupby': 1, 'Order': 4, 'limit': 2}",Success,0.00039830000000000003,0.0003975,1.3880842113423015e-05,1.3325982,1.332087,0.006268266831163737,10,
Query_146.sparql,5,2,"{'select': 1, 'Order': 1}",Success,0.0003836,0.00038100000000000005,1.5356504231830307e-05,0.003477,0.0034565,9.772182742640251e-05,55,
Query_147.sparql,11,14,"{'select': 1, 'SetFunc': 1, 'as': 2, 'where': 1, 'PropertyPath': 1, 'bind': 1, 'StringFunc': 1, 'TermFunc': 1, 'DateFunc': 2, 'filter': 2, 'groupby': 1}",Success,0.00045589999999999997,0.000456,8.319321553534946e-06,15.2912089,15.294549,0.06231785134730226,263,
Query_148.sparql,9,7,"{'select': 1, 'where': 1, 'optional': 5}",Success,0.0004002,0.0003945,2.8436283551516038e-05,0.030479600000000003,0.030451,0.0010810164147175977,942,
Query_149.sparql,6,2,"{'select': 1, 'where': 1}",Success,0.0003876,0.0003835,1.418293183920572e-05,0.0583907,0.058369000000000004,0.0001915968278559069,3,
Query_150.sparql,8,6,"{'select': 1, 'where': 1, 'optional': 4}",Success,0.0003815,0.0003795,1.301494867023645e-05,0.0039280999999999995,0.003855,0.00025645508595290305,2,
Query_151.sparql,7,3,"{'select': 1, 'where': 1, 'filter': 1}",Success,0.00039170000000000003,0.0003895,1.7256560749143766e-05,0.13011699999999998,0.1299365,0.001266098030257619,127,
Query_152.sparql,8,3,"{'select': 1, 'where': 1, 'values': 1}",Success,0.00039170000000000003,0.000394,1.841527144036228e-05,0.0128817,0.012563,0.0005709000788229053,0,Empty Response
Query_153.sparql,7,9,"{'select': 1, 'SetFunc': 1, 'as': 1, 'where': 1, 'filter': 2, 'TermFunc': 2, 'groupby': 1}",Success,0.0003976,0.0003905,1.8313322412325335e-05,0.23435440000000002,0.234357,0.0025540539540111445,2,
Query_154.sparql,11,20,"{'select': 1, 'distinct': 1, 'DateFunc': 2, 'as': 2, 'where': 1, 'PropertyPath': 2, 'optional': 5, 'filter': 2, 'TermFunc': 2, 'Order': 2}",Success,0.00045630000000000003,0.0004525,1.456823027458495e-05,92.51957200000001,92.46319299999999,0.20986001467697948,31037,
Query_155.sparql,10,13,"{'select': 1, 'distinct': 1, 'filter': 3, 'notexists': 2, 'bind': 1, 'DateFunc': 2, 'as': 1, 'Order': 2}",Success,0.00039040000000000006,0.0003905,1.9397594352565147e-05,0.008313899999999999,0.0081775,0.00044288710625721363,72,
Query_156.sparql,7,13,"{'select': 1, 'SetFunc': 1, 'distinct': 1, 'as': 1, 'PropertyPath': 6, 'groupby': 1, 'Order': 2}",Success,0.0004418,0.00044,1.4030126316054484e-05,5.9898463,5.9874385,0.01682168850059673,80,
Query_157.sparql,7,6,"{'select': 1, 'distinct': 1, 'where': 1, 'filter': 1, 'notexists': 1, 'Order': 1}",Success,0.00042849999999999995,0.00042449999999999996,1.0772908407461545e-05,0.5575045999999999,0.5572079999999999,0.0024275547459211904,596,
Query_158.sparql,7,5,"{'select': 1, 'where': 1, 'optional': 1, 'Order': 1, 'limit': 1}",Success,0.0003844,0.00038250000000000003,1.9489028252384e-05,0.0053998,0.0053384999999999995,0.00030584157118787293,152,
Query_159.sparql,5,6,"{'select': 1, 'SetFunc': 1, 'as': 1, 'where': 1, 'groupby': 1, 'Order': 1}",Success,0.0003812,0.0003765,1.4497509364638396e-05,0.002965,0.002857,0.00032425709963957095,1,
Query_160.sparql,5,2,"{'select': 1, 'where': 1}",Success,0.00040280000000000003,0.00039349999999999997,3.0334432214527736e-05,0.0115583,0.011576,0.0004190396560390591,722,
Query_161.sparql,12,10,"{'select': 1, 'SetFunc': 1, 'as': 1, 'where': 1, 'minus': 3, 'optional': 1, 'groupby': 1, 'Order': 1}",Error,,,,,,,,com.complexible.stardog.plan.eval.operator.OperatorException: Uncaught error during query evaluation: IllegalStateException: The iterator has been closed
Query_162.sparql,11,16,"{'select': 1, 'distinct': 1, 'where': 1, 'union': 1, 'optional': 1, 'bind': 2, 'DateFunc': 1, 'as': 2, 'if': 1, 'filter': 2, 'TermFunc': 2, 'Order': 1}",Success,0.0004492,0.0004435,2.2109826875044626e-05,1.5000787,1.4861754999999999,0.04124295906252766,8388,
Query_163.sparql,8,10,"{'select': 1, 'SetFunc': 1, 'as': 2, 'where': 1, 'filter': 1, 'bind': 1, 'groupby': 1, 'Order': 2}",Success,0.00038679999999999997,0.0003865,1.2154560186750219e-05,0.0180648,0.017877999999999998,0.0004463976304198369,353,
Query_164.sparql,5,4,"{'select': 1, 'where': 1, 'PropertyPath': 2}",Success,0.0004418,0.0004415,1.2181953866272854e-05,2.4132403,2.418801,0.027296214890428352,2,
Query_165.sparql,5,4,"{'select': 1, 'distinct': 1, 'where': 1, 'values': 1}",Success,0.00039579999999999997,0.000383,2.27097629519406e-05,0.030401499999999998,0.029411,0.002315641655735572,3041,
Query_166.sparql,9,12,"{'select': 1, 'SetFunc': 1, 'as': 2, 'where': 1, 'filter': 1, 'TermFunc': 2, 'bind': 1, 'groupby': 1, 'Order': 2}",Success,0.0004457,0.0004445,1.623473642122552e-05,4.329185799999999,4.309934500000001,0.05390603509771022,12981,
Query_167.sparql,14,21,"{'select': 1, 'distinct': 1, 'where': 1, 'values': 1, 'PropertyPath': 1, 'filter': 2, 'TermFunc': 2, 'bind': 4, 'if': 4, 'as': 4}",Success,0.0004345,0.000433,1.3032011868216438e-05,0.3890739,0.38869200000000004,0.0028317247374857707,1719,
Query_168.sparql,8,13,"{'select': 1, 'SetFunc': 2, 'as': 4, 'PropertyPath': 2, 'where': 1, 'union': 1, 'optional': 1, 'bind': 1}",Success,0.0003872,0.000379,2.477812655459561e-05,0.0103689,0.010336999999999999,0.00019847443160266184,1,
Query_169.sparql,7,7,"{'select': 1, 'distinct': 1, 'where': 1, 'bind': 1, 'DateFunc': 1, 'as': 1, 'filter': 1}",Success,0.00039160000000000003,0.000383,2.1629198372159393e-05,0.21217420000000003,0.2122775,0.0012086780473816094,0,Empty Response
Query_170.sparql,6,6,"{'select': 1, 'SetFunc': 1, 'as': 1, 'where': 1, 'groupby': 1, 'Order': 1}",Success,0.0003777,0.00037299999999999996,1.330037593453658e-05,0.007478500000000001,0.00724,0.0005633402859531515,1,
Query_171.sparql,5,3,"{'select': 1, 'where': 1, 'values': 1}",Success,0.0003742,0.00037200000000000004,1.2479316220584096e-05,0.0023321,0.0023049999999999998,8.221036701319623e-05,9,
Query_172.sparql,15,6,"{'select': 1, 'distinct': 1, 'where': 1, 'values': 1, 'union': 2}",Success,0.0003941,0.0003945,6.2795965900154275e-06,0.003469,0.0034195,9.957353508281675e-05,10,
Query_173.sparql,8,3,"{'select': 1, 'distinct': 1, 'where': 1}",Success,0.0004077,0.00040249999999999997,2.018828042867116e-05,0.2303214,0.2294605,0.00257481197587533,1320,
Query_174.sparql,8,7,"{'select': 1, 'SetFunc': 1, 'as': 1, 'where': 1, 'values': 1, 'groupby': 1, 'Order': 1}",Success,0.0003852,0.00037850000000000004,1.7743856526822022e-05,0.0085256,0.008487999999999999,0.00021459170533830166,1,
Query_175.sparql,4,2,"{'select': 1, 'where': 1}",Success,0.0004262,0.00041450000000000005,3.7952602018833986e-05,0.1641032,0.163607,0.006474676685192688,25111,
Query_176.sparql,11,9,"{'select': 1, 'where': 1, 'minus': 1, 'optional': 3, 'PropertyPath': 1, 'Order': 2}",Timeout,,,,,,,,com.complexible.stardog.plan.eval.operator.OperatorException$Cancelled: Query execution cancelled: Execution time exceeded query timeout 300000
Query_178.sparql,4,4,"{'select': 1, 'where': 1, 'optional': 2}",Success,0.00048399999999999995,0.0004875,1.8856180831641243e-05,79.9615981,37.328844000000004,128.5643679027984,,Incomplete result
Query_179.sparql,3,2,"{'select': 1, 'where': 1}",Success,0.0003798,0.00037,2.7555197130285395e-05,0.0062818,0.0061345,0.00035625265691017046,670,
Query_180.sparql,15,12,"{'select': 1, 'distinct': 1, 'where': 1, 'values': 1, 'optional': 2, 'filter': 2, 'TermFunc': 2, 'Order': 2}",Success,0.0004569,0.0004535,1.3939950581771155e-05,0.058961,0.0585705,0.0012403349010112832,4,
Query_181.sparql,4,5,"{'select': 1, 'SetFunc': 1, 'as': 1, 'where': 1, 'groupby': 1}",Success,0.0003899,0.0003865,1.689477236701736e-05,0.030359000000000004,0.029735499999999998,0.0012758358480271334,3267,
Query_182.sparql,13,17,"{'select': 3, 'where': 3, 'distinct': 2, 'SetFunc': 2, 'as': 2, 'groupby': 2, 'optional': 1, 'Order': 2}",Success,0.00041989999999999996,0.00041799999999999997,1.568757470101736e-05,0.22802039999999998,0.2277845,0.0012411922762677336,416,
Query_183.sparql,9,13,"{'select': 1, 'SetFunc': 1, 'distinct': 1, 'as': 1, 'where': 1, 'values': 1, 'PropertyPath': 1, 'union': 1, 'optional': 2, 'groupby': 1, 'Order': 2}",Success,0.0004429,0.000438,1.9104682381261623e-05,1.0968183999999999,1.0979095,0.0059869387131952015,7796,
Query_184.sparql,14,8,"{'select': 1, 'distinct': 1, 'where': 1, 'values': 3, 'PropertyPath': 1, 'union': 1}",Success,0.00043870000000000004,0.0004345,1.8844686843304723e-05,0.050995900000000004,0.0507895,0.0006866448944768399,4,
Query_185.sparql,4,4,"{'select': 1, 'distinct': 1, 'where': 1, 'values': 1}",Success,0.0003786,0.00037799999999999997,1.0564090116995391e-05,0.0025732,0.002483,0.00020252121973868444,1,
Query_186.sparql,4,4,"{'select': 1, 'distinct': 1, 'where': 1, 'values': 1}",Success,0.0003784,0.000377,1.1067469850371801e-05,0.0024831,0.0024749999999999998,6.931482124657347e-05,1,
Query_187.sparql,9,5,"{'select': 1, 'where': 1, 'PropertyPath': 2, 'limit': 1}",Success,0.00047369999999999997,0.000475,1.5070574714396995e-05,13.617002,13.606661500000001,0.13474424720105097,0,Empty Response
Query_188.sparql,5,5,"{'select': 1, 'where': 1, 'PropertyPath': 1, 'optional': 2}",Success,0.0003861,0.0003835,2.358648388849475e-05,0.0038711999999999996,0.0034225,0.0011972273338380181,85,
Query_189.sparql,5,3,"{'select': 1, 'where': 1, 'PropertyPath': 1}",Success,0.0004037,0.00040249999999999997,2.486876666735919e-05,0.061369799999999995,0.0604485,0.002459699385426328,4711,
Query_190.sparql,6,3,"{'select': 1, 'where': 1, 'Order': 1}",Success,0.0004282,0.000433,1.9820303843393645e-05,0.46739110000000006,0.4667635,0.004111338966808728,6074,
Query_191.sparql,6,7,"{'select': 1, 'distinct': 1, 'StringFunc': 1, 'as': 1, 'where': 1, 'optional': 1, 'PropertyPath': 1}",Success,0.0004255,0.000423,1.4191155304938662e-05,1.056189,1.0561675,0.004033191898346578,1522,
Query_192.sparql,11,22,"{'select': 2, 'where': 2, 'filter': 4, 'TermFunc': 5, 'StringFunc': 5, 'PropertyPath': 2, 'bind': 1, 'as': 1}",Success,0.0004561,0.0004535,1.9341664871463386e-05,21.235568899999997,21.261938,0.07949461972073497,143,
Query_193.sparql,6,3,"{'select': 1, 'where': 1, 'Order': 1}",Success,0.00040280000000000003,0.000397,2.138950937050945e-05,0.024535599999999998,0.0239575,0.0014333910220948863,1737,
Query_194.sparql,7,4,"{'select': 1, 'where': 1, 'filter': 1, 'TermFunc': 1}",Success,0.0003746,0.000375,1.0813571719526025e-05,0.0032324,0.0031385,0.0002831007672975197,0,Empty Response
Query_195.sparql,16,14,"{'select': 2, 'where': 2, 'distinct': 2, 'SetFunc': 1, 'as': 1, 'filter': 2, 'in': 1, 'StringFunc': 1, 'TermFunc': 1, 'groupby': 1}",Success,0.0004613,0.00046049999999999997,1.6166151194531254e-05,4.8430392,4.809549499999999,0.28518726036639314,139880,
Query_196.sparql,6,5,"{'select': 1, 'distinct': 1, 'where': 1, 'optional': 1, 'Order': 1}",Success,0.0004169,0.00041799999999999997,1.741933791317379e-05,0.1253321,0.1244555,0.002325728294534861,12467,
Query_197.sparql,5,5,"{'select': 1, 'distinct': 1, 'where': 1, 'optional': 1, 'Order': 1}",Success,0.00037799999999999997,0.00037549999999999997,1.795054935711499e-05,0.0036488,0.0035645,0.00031975747754265976,119,
Query_198.sparql,7,13,"{'select': 1, 'NumbericFunc': 1, 'DateFunc': 1, 'as': 1, 'PropertyPath': 3, 'optional': 2, 'filter': 1, 'bound': 1, 'Order': 1, 'limit': 1}",Success,0.0004097,0.0004075,1.2858633070604517e-05,0.3295654,0.328748,0.002375982051933711,10,
Query_199.sparql,4,5,"{'select': 1, 'distinct': 1, 'where': 1, 'PropertyPath': 1, 'optional': 1}",Success,0.00038449999999999997,0.00038449999999999997,9.360080721399322e-06,0.0053714,0.005234,0.0003907287208963956,87,
Query_200.sparql,4,6,"{'select': 1, 'distinct': 1, 'where': 1, 'PropertyPath': 2, 'optional': 1}",Success,0.0003733,0.00037299999999999996,6.0378436180109425e-06,0.0050247,0.005033,7.026782098988576e-05,87,
Query_201.sparql,7,7,"{'select': 1, 'PropertyPath': 2, 'union': 3, 'limit': 1}",Success,0.0003875,0.00037799999999999997,2.282907502871429e-05,0.0248687,0.0067515,0.05731288298464065,100,
Query_202.sparql,8,5,"{'select': 1, 'where': 1, 'optional': 1, 'Order': 2}",Success,0.0003747,0.0003705,1.2702143301208832e-05,0.0137456,0.0137545,0.00010233300759991534,3,
Query_203.sparql,4,2,"{'select': 1, 'where': 1}",Success,0.0003792,0.0003765,6.033241251599345e-06,0.0021736999999999998,0.002173,5.396305320412399e-05,3,
Query_204.sparql,6,9,"{'select': 1, 'SetFunc': 1, 'as': 1, 'where': 1, 'PropertyPath': 2, 'groupby': 1, 'Order': 2}",Success,0.0004006,0.00039150000000000003,2.3061271045244315e-05,0.0657138,0.064411,0.002679575994651227,679,
Query_205.sparql,6,10,"{'select': 1, 'distinct': 1, 'SetFunc': 1, 'as': 1, 'where': 1, 'PropertyPath': 2, 'groupby': 1, 'Order': 2}",Success,0.0003922,0.000387,1.527379746130244e-05,0.030906899999999998,0.030739,0.00041898354515554933,828,
Query_206.sparql,5,2,"{'select': 1, 'where': 1}",Success,0.0003698,0.00037,6.562519841239846e-06,0.0033193,0.0033150000000000002,8.907680830484335e-05,26,
Query_207.sparql,9,3,"{'select': 1, 'where': 1, 'limit': 1}",Success,0.0003794,0.00037600000000000003,1.3268174118711447e-05,0.0033693,0.003311,0.00017228597028068075,50,
Query_208.sparql,9,12,"{'select': 1, 'SetFunc': 4, 'as': 4, 'where': 1, 'groupby': 1, 'Order': 1}",Success,0.0003866,0.00038250000000000003,1.5671630419327794e-05,0.0189973,0.0187185,0.0006421166474160973,118,
Query_209.sparql,7,10,"{'select': 1, 'SetFunc': 1, 'as': 2, 'where': 1, 'optional': 1, 'bind': 1, 'if': 1, 'bound': 1, 'groupby': 1}",Error,0.00036839999999999996,0.00036950000000000004,6.380525927469547e-06,0.0022326,0.002219,9.128368480243965e-05,,"com.complexible.stardog.plan.eval.ExecutionException: Variable cannot be bound when already in-scope: rgb in expression IF(Bound(?rgb), ?rgb, ""CCCCCC"")"
Query_210.sparql,8,5,"{'select': 1, 'where': 1, 'optional': 2, 'PropertyPath': 1}",Timeout,,,,,,,,com.complexible.stardog.plan.eval.operator.OperatorException$Cancelled: Query execution cancelled: Execution time exceeded query timeout 300000
Query_211.sparql,3,3,"{'select': 1, 'distinct': 1, 'where': 1}",Success,0.00044080000000000004,0.00044,1.621247804761644e-05,3.8273979,3.8479155,0.1743078398596703,931736,
Query_212.sparql,4,4,"{'select': 1, 'distinct': 1, 'where': 1, 'filter': 1}",Success,0.00039789999999999997,0.000396,2.2668872441693654e-05,0.7701767,0.7684285,0.009600767053267737,838,
Query_213.sparql,7,11,"{'select': 2, 'where': 2, 'distinct': 1, 'SetFunc': 1, 'as': 1, 'groupby': 1, 'filter': 1, 'Order': 2}",Success,0.00040550000000000004,0.0004035,1.2158673173226314e-05,0.8221613999999999,0.8189085,0.010815417012559224,384,
Query_214.sparql,6,6,"{'select': 1, 'distinct': 1, 'DateFunc': 1, 'as': 1, 'where': 1, 'optional': 1}",Success,0.0003884,0.0003885,8.821690440172006e-06,0.0076963000000000005,0.0071665,0.0012301898724271074,203,
Query_215.sparql,3,6,"{'select': 1, 'where': 1, 'PropertyPath': 4}",Success,0.00044669999999999996,0.000441,1.9113985571942978e-05,3.0234178,3.0189575,0.038434328815670875,108,
Query_216.sparql,8,9,"{'select': 1, 'distinct': 1, 'where': 1, 'PropertyPath': 3, 'Order': 3}",Success,0.0003928,0.000387,2.0606363634135528e-05,0.0188895,0.018619999999999998,0.0006806755223060897,136,
Query_218.sparql,7,8,"{'select': 1, 'SetFunc': 1, 'as': 1, 'where': 1, 'groupby': 1, 'Order': 2, 'limit': 1}",Success,0.00038710000000000003,0.0003855,1.4294132440348448e-05,0.13316999999999998,0.13326149999999998,0.0005660100116900166,20,
Query_219.sparql,10,12,"{'select': 1, 'SetFunc': 2, 'distinct': 2, 'as': 2, 'where': 1, 'PropertyPath': 1, 'groupby': 1, 'Order': 2}",Success,0.0003824,0.00038,1.0606077922063802e-05,0.016867100000000003,0.016812,0.0001875078961300332,41,
Query_220.sparql,7,4,"{'select': 1, 'where': 1, 'Order': 1, 'limit': 1}",Success,0.0003792,0.0003735,1.739604041792907e-05,0.0040809,0.004085,7.668325907407827e-05,88,
Query_221.sparql,7,4,"{'select': 1, 'where': 1, 'Order': 2}",Success,0.00039690000000000005,0.000398,9.445163371329847e-06,0.0459124,0.0453635,0.0013525320452149499,715,
Query_222.sparql,3,2,"{'select': 1, 'where': 1}",Success,0.0003828,0.000374,1.999888885802296e-05,0.0103222,0.0103165,0.0003262615855754746,384,
Query_223.sparql,7,9,"{'select': 1, 'SetFunc': 1, 'distinct': 1, 'as': 1, 'where': 1, 'PropertyPath': 2, 'groupby': 1, 'limit': 1}",Success,0.00044609999999999995,0.000445,1.7841586875113493e-05,11.6210115,11.626567999999999,0.14213960560757824,10,
Query_224.sparql,8,11,"{'select': 2, 'where': 2, 'SetFunc': 2, 'as': 2, 'groupby': 1, 'Order': 2}",Success,0.0004158,0.000413,1.724851040267278e-05,0.1845498,0.1808995,0.05882892767035997,2634,
Query_225.sparql,7,8,"{'select': 1, 'SetFunc': 1, 'distinct': 1, 'as': 1, 'where': 1, 'groupby': 1, 'Order': 2}",Success,0.00044780000000000004,0.0004525,1.7967872563117876e-05,64.1791899,64.2012415,0.25326298755134663,1,
Query_226.sparql,8,5,"{'select': 1, 'where': 1, 'PropertyPath': 2, 'optional': 1}",Success,0.0004484,0.000441,2.2998550678973984e-05,3.0953586,3.097594,0.008948211282460579,0,Empty Response
Query_227.sparql,4,3,"{'select': 1, 'where': 1, 'values': 1}",Success,0.0003794,0.0003785,2.02221001217315e-05,0.0024705,0.0024115,0.0001459415788747143,5,
Query_228.sparql,12,8,"{'select': 1, 'where': 1, 'filter': 2, 'notexists': 1, 'groupby': 1, 'Order': 2}",Success,0.000451,0.0004475,1.863688099799249e-05,53.319064100000006,53.315128,0.09939432648736915,1,
Query_229.sparql,3,2,"{'select': 1, 'where': 1}",Success,0.000376,0.000367,1.9154343864744838e-05,0.0048181000000000005,0.0047745,0.00020831143884951584,4,
Query_230.sparql,7,7,"{'select': 1, 'SetFunc': 1, 'as': 1, 'where': 1, 'groupby': 1, 'Order': 2}",Success,0.000447,0.000447,1.8116904322268264e-05,63.949380399999995,63.971838,0.29757675107186904,128516,
Query_231.sparql,19,13,"{'select': 1, 'if': 1, 'bound': 1, 'as': 2, 'where': 1, 'PropertyPath': 2, 'optional': 1, 'bind': 1, 'filter': 1, 'Order': 2}",Error,0.0004018,0.0003965,1.8671427964197654e-05,0.0026029,0.002569,0.00012704544243869774,,com.complexible.stardog.plan.eval.ExecutionException: Variable used when already in scope: title
Query_232.sparql,9,6,"{'select': 1, 'distinct': 1, 'where': 1, 'optional': 1, 'PropertyPath': 2}",Success,0.00041910000000000005,0.000419,1.6940746408847785e-05,0.3821456,0.3816235,0.002469748039330698,21,
Query_233.sparql,4,3,"{'select': 1, 'distinct': 1, 'where': 1}",Timeout,0.0004416,0.0004435,2.1303103581924924e-05,434.65227830000003,449.987008,47.28237455794059,,Incomplete result
Query_234.sparql,5,8,"{'select': 1, 'SetFunc': 1, 'as': 1, 'PropertyPath': 2, 'groupby': 1, 'Order': 2}",Timeout,,,,,,,,com.complexible.stardog.plan.eval.operator.OperatorException$Cancelled: Query execution cancelled: Execution time exceeded query timeout 300000
Query_235.sparql,6,6,"{'select': 1, 'SetFunc': 1, 'as': 1, 'where': 1, 'PropertyPath': 2}",Timeout,,,,,,,,com.complexible.stardog.plan.eval.operator.OperatorException$Cancelled: Query execution cancelled: Execution time exceeded query timeout 300000
Query_236.sparql,8,6,"{'select': 1, 'where': 1, 'PropertyPath': 2, 'filter': 1, 'TermFunc': 1}",Success,0.0004047,0.0004085,2.283783410629533e-05,0.07477120000000001,0.007105,0.14383483146519907,64,
Query_237.sparql,11,15,"{'select': 1, 'where': 1, 'bind': 1, 'TermFunc': 3, 'as': 1, 'filter': 3, 'exists': 1, 'PropertyPath': 3, 'Order': 1}",Success,0.0004503,0.00044649999999999996,3.0177438224239278e-05,19.754859500000002,19.733601,0.07646395936975763,165,
Query_238.sparql,5,5,"{'select': 1, 'distinct': 1, 'where': 1, 'union': 2}",Success,0.000382,0.0003765,1.7993826101687696e-05,0.0039992,0.003844,0.0004976718686935087,87,
Query_239.sparql,6,8,"{'select': 1, 'SetFunc': 1, 'as': 1, 'where': 1, 'groupby': 1, 'Order': 2, 'limit': 1}",Success,0.000442,0.00044399999999999995,1.94821855949366e-05,32.5822123,32.566923,0.10318776962094267,200,
Query_240.sparql,7,9,"{'select': 1, 'SetFunc': 1, 'as': 1, 'where': 1, 'PropertyPath': 2, 'groupby': 1, 'Order': 2}",Success,0.0004378,0.00044,1.7151611521305442e-05,13.262362999999999,13.2041025,0.1715039235605608,96,
Query_242.sparql,3,2,"{'select': 1, 'where': 1}",Success,0.0003698,0.0003675,1.507610323952742e-05,0.0020691999999999998,0.0020334999999999997,0.00015995402117136324,15,
Query_243.sparql,15,5,"{'select': 1, 'where': 1, 'Order': 2, 'limit': 1}",Success,0.00038960000000000004,0.000389,1.4214233867656904e-05,0.013240199999999999,0.012983999999999999,0.0007684030770948864,100,
Query_244.sparql,8,8,"{'select': 1, 'distinct': 1, 'where': 1, 'optional': 1, 'filter': 2, 'TermFunc': 2}",Success,0.00039420000000000004,0.00038849999999999996,2.4412200956807573e-05,0.0411767,0.038753499999999996,0.004875685183757369,1276,
Query_245.sparql,8,11,"{'select': 1, 'SetFunc': 2, 'as': 2, 'where': 1, 'filter': 1, 'TermFunc': 1, 'groupby': 1, 'Order': 2}",Success,0.0003935,0.000383,1.9495013607472952e-05,0.0330747,0.032778,0.0007478386709563624,77,
Query_246.sparql,8,15,"{'select': 2, 'where': 2, 'SetFunc': 1, 'as': 1, 'PropertyPath': 2, 'minus': 1, 'groupby': 1, 'Order': 4, 'limit': 1}",Success,0.00044050000000000003,0.000435,1.3574895129531486e-05,3.0531645000000003,3.0399640000000003,0.02960256165435679,100,
Query_247.sparql,6,5,"{'select': 1, 'where': 1, 'optional': 2, 'Order': 1}",Success,0.00039249999999999995,0.000393,2.254008774507225e-05,0.0119088,0.01148,0.0014176890271768974,756,
Query_248.sparql,9,7,"{'select': 1, 'where': 1, 'PropertyPath': 3, 'filter': 1, 'limit': 1}",Success,0.0004419,0.000439,1.8811639422915214e-05,1.1309694000000001,1.1335385,0.009459151831838705,10,
Query_249.sparql,3,8,"{'select': 1, 'distinct': 1, 'where': 1, 'PropertyPath': 2, 'Order': 2, 'limit': 1}",Success,0.0004495,0.0004535,2.066263401515996e-05,0.032316,0.032378500000000004,0.002907852090079165,50,
Query_250.sparql,5,5,"{'select': 1, 'DateFunc': 1, 'as': 1, 'where': 1, 'Order': 1}",Success,0.00038449999999999997,0.00038750000000000004,1.855472386692345e-05,0.0032382,0.0031999999999999997,0.00018917528614723677,44,
Query_251.sparql,8,11,"{'select': 1, 'SetFunc': 1, 'as': 1, 'where': 1, 'optional': 1, 'filter': 1, 'TermFunc': 1, 'groupby': 1, 'Order': 3}",Success,0.0003832,0.000377,1.611624439295127e-05,0.0078531,0.007402499999999999,0.0013269098981384447,25,
Query_252.sparql,8,11,"{'select': 1, 'where': 1, 'PropertyPath': 1, 'optional': 2, 'filter': 2, 'TermFunc': 2, 'Order': 2}",Success,0.0004299,0.000424,1.4231811003679204e-05,0.6706989,0.6690119999999999,0.0076951788868095386,3106,
Query_253.sparql,9,11,"{'select': 1, 'where': 1, 'optional': 3, 'bind': 1, 'DateFunc': 2, 'as': 1, 'Order': 2}",Success,0.0004001,0.000394,2.3225704151507104e-05,0.0219343,0.0213825,0.0010221358955094424,414,
Query_254.sparql,20,10,"{'select': 1, 'where': 1, 'bind': 1, 'DateFunc': 4, 'as': 1, 'filter': 1, 'Order': 1}",Success,0.0003862,0.000382,1.2479316220584095e-05,0.0146434,0.0145665,0.0002455914403141026,21,
Query_255.sparql,10,13,"{'select': 1, 'SetFunc': 3, 'as': 3, 'where': 1, 'optional': 1, 'groupby': 1, 'Order': 2, 'limit': 1}",Success,0.0003817,0.000375,2.43130052075473e-05,0.0041394,0.004098,0.0008443797460595295,1,
Query_256.sparql,11,17,"{'select': 1, 'distinct': 1, 'where': 1, 'filter': 1, 'PropertyPath': 1, 'optional': 2, 'bind': 2, 'if': 1, 'bound': 1, 'DateFunc': 1, 'as': 2, 'NumbericFunc': 1, 'Order': 2}",Success,0.0003819,0.000381,6.740425308044967e-06,0.0109852,0.010806,0.0007268814361518812,197,
Query_257.sparql,10,11,"{'select': 1, 'distinct': 1, 'where': 1, 'values': 1, 'PropertyPath': 1, 'optional': 2, 'filter': 2, 'bound': 1, 'Order': 1}",Success,0.00040340000000000005,0.0004055,1.8685704577445183e-05,0.054951799999999995,0.0537455,0.004073567200051242,498,
Query_258.sparql,9,8,"{'select': 1, 'DateFunc': 2, 'as': 2, 'where': 1, 'filter': 1, 'Order': 1}",Success,0.0003871,0.00038100000000000005,2.7003909182026024e-05,0.0199112,0.0197805,0.0004364851531139269,1197,
Query_259.sparql,5,4,"{'select': 1, 'where': 1, 'filter': 1, 'TermFunc': 1}",Success,0.00040809999999999995,0.000393,2.888078946289384e-05,0.053302300000000004,0.045524999999999996,0.023476994574121564,1211,
Query_261.sparql,11,12,"{'select': 1, 'StringFunc': 1, 'as': 1, 'where': 1, 'values': 1, 'optional': 5, 'PropertyPath': 2}",Timeout,0.0004623,0.0004645,1.503366592388933e-05,449.9910769,449.99118550000003,0.0012142450283875773,,Incomplete result
Query_262.sparql,6,3,"{'select': 1, 'where': 1, 'Order': 1}",Success,0.00039430000000000004,0.00039349999999999997,1.5055822055861883e-05,0.028451999999999998,0.027758,0.0014594769230408843,744,
Query_263.sparql,8,6,"{'select': 1, 'filter': 2, 'bind': 1, 'DateFunc': 1, 'as': 1}",Success,0.0004412,0.0004385,1.7459795085980995e-05,0.0063107,0.006147,0.00048369987251049303,0,Empty Response
Query_264.sparql,13,12,"{'select': 1, 'SetFunc': 1, 'distinct': 1, 'as': 1, 'values': 2, 'PropertyPath': 2, 'filter': 1, 'groupby': 1, 'Order': 2}",Success,0.0004086,0.000403,1.2212925757391459e-05,0.0037115000000000004,0.003698,8.251094203531772e-05,1,
Query_265.sparql,4,2,"{'select': 1, 'where': 1}",Success,0.00037109999999999997,0.000368,1.4294132440348452e-05,0.002494,0.0024324999999999998,0.00016155631972920292,26,
Query_266.sparql,8,7,"{'select': 1, 'where': 1, 'PropertyPath': 2, 'optional': 2, 'Order': 1}",Success,0.00039610000000000003,0.00039000000000000005,2.068520673761272e-05,0.030591899999999998,0.0294605,0.003752121102345532,2,
Query_267.sparql,8,4,"{'select': 1, 'where': 1, 'Order': 2}",Success,0.0003919,0.0003875,1.751475568389885e-05,0.0063419,0.005831,0.0015285533792881857,20,
Query_268.sparql,9,4,"{'select': 1, 'where': 1, 'filter': 2}",Success,0.0004018,0.00039000000000000005,2.2660783550246252e-05,0.0343339,0.0340285,0.0009839266515119717,101,
Query_269.sparql,7,12,"{'select': 1, 'DateFunc': 2, 'as': 2, 'where': 1, 'minus': 1, 'PropertyPath': 1, 'optional': 2, 'Order': 2}",Success,0.0003837,0.0003805,1.695123725408987e-05,0.0054799,0.0054285,0.000195260765815016,15,
Query_270.sparql,4,6,"{'select': 1, 'distinct': 1, 'where': 1, 'PropertyPath': 1, 'optional': 1, 'Order': 1}",Success,0.0004248,0.0004215,1.636255888708526e-05,0.1608982,0.159384,0.003989301548447346,11809,
Query_271.sparql,3,3,"{'select': 1, 'where': 1, 'PropertyPath': 1}",Success,0.0003737,0.00037,1.9189406799933473e-05,0.0025404,0.0022760000000000002,0.0006916892687070145,14,
Query_272.sparql,8,5,"{'select': 1, 'where': 1, 'optional': 2, 'Order': 1}",Success,0.0003908,0.0003855,1.8587929177590247e-05,0.028218700000000003,0.027702499999999998,0.0021335177029705855,5,
Query_273.sparql,8,11,"{'select': 1, 'SetFunc': 3, 'as': 3, 'where': 1, 'optional': 2, 'groupby': 1}",Success,0.00038500000000000003,0.000384,1.0770329614269012e-05,0.007519199999999999,0.007431500000000001,0.0005622337987389629,160,
Query_274.sparql,13,9,"{'select': 1, 'distinct': 1, 'as': 1, 'where': 1, 'PropertyPath': 1, 'optional': 3, 'Order': 1}",Success,0.0004436,0.0004485,1.3158858444240358e-05,34.7426867,34.6818375,0.27332554405651294,42,
Query_275.sparql,11,8,"{'select': 1, 'distinct': 1, 'where': 1, 'PropertyPath': 3, 'Order': 2}",Success,0.0003873,0.0003865,1.317447026132994e-05,0.0026592,0.002594,0.00014739199435518876,0,Empty Response
Query_276.sparql,5,4,"{'select': 1, 'where': 1, 'PropertyPath': 2}",Success,0.000388,0.0003895,1.7314091884294065e-05,0.0783501,0.07770550000000001,0.0017158767405874103,72,
Query_277.sparql,8,6,"{'select': 1, 'where': 1, 'PropertyPath': 3, 'optional': 1}",Success,0.00044609999999999995,0.000441,1.1976365614548238e-05,2.7229832,2.718693,0.043324796702222265,1404,
Query_278.sparql,11,11,"{'select': 2, 'SetFunc': 1, 'as': 1, 'where': 2, 'distinct': 1, 'groupby': 1, 'Order': 2, 'limit': 1}",Success,0.00043569999999999997,0.0004295,1.1700427342623002e-05,2.6787833,2.6744215000000002,0.01631290405408487,25,
Query_279.sparql,4,3,"{'select': 1, 'where': 1, 'limit': 1}",Success,0.0003883,0.000384,2.6183328028855818e-05,0.0048655,0.004614999999999999,0.0006536130778645388,1000,
Query_280.sparql,9,10,"{'select': 1, 'where': 1, 'optional': 1, 'bind': 2, 'DateFunc': 2, 'as': 2, 'limit': 1}",Success,0.0004076,0.000401,2.093481948015474e-05,0.0041753,0.004012999999999999,0.0005429354473599968,88,
Query_281.sparql,15,12,"{'select': 1, 'distinct': 1, 'where': 1, 'minus': 2, 'PropertyPath': 5, 'filter': 2}",Success,0.0004593,0.00045850000000000003,8.944893018427395e-06,42.0734218,42.0300855,0.09288341020368572,24,
Query_282.sparql,10,15,"{'select': 1, 'distinct': 1, 'where': 1, 'union': 2, 'optional': 2, 'filter': 2, 'TermFunc': 2, 'groupby': 1, 'having': 1, 'Order': 2}",Success,0.00042640000000000006,0.000424,7.876829593462393e-06,8.1569298,8.138040499999999,0.06101376918332107,0,Empty Response
Query_283.sparql,8,6,"{'select': 1, 'where': 1, 'optional': 1, 'bind': 1, 'DateFunc': 1, 'as': 1}",Success,0.00042259999999999997,0.00042750000000000004,1.9872929661560552e-05,0.4722033,0.4680535,0.012298511455095322,2143,
Query_284.sparql,9,8,"{'select': 1, 'where': 1, 'values': 1, 'filter': 2, 'TermFunc': 1, 'optional': 1, 'PropertyPath': 1}",Success,0.000442,0.000441,1.2762793146051101e-05,25.510728,25.512707,0.07342344632487736,2765,
Query_285.sparql,10,12,"{'select': 1, 'distinct': 1, 'SetFunc': 2, 'as': 2, 'where': 1, 'optional': 2, 'filter': 1, 'TermFunc': 1, 'groupby': 1}",Success,0.00044980000000000004,0.0004505,1.2380989010934828e-05,49.775338899999994,49.793065,0.1264762899118948,75,
Query_286.sparql,8,10,"{'select': 1, 'distinct': 1, 'where': 1, 'PropertyPath': 2, 'filter': 1, 'StringFunc': 2, 'optional': 1, 'limit': 1}",Success,0.0004817,0.00048,1.717265267802269e-05,0.08683540000000001,0.08576500000000001,0.018357394399956525,0,Empty Response
Query_287.sparql,7,11,"{'select': 1, 'SetFunc': 1, 'distinct': 1, 'as': 1, 'where': 1, 'optional': 1, 'filter': 1, 'TermFunc': 1, 'groupby': 1, 'Order': 2}",Success,0.00044689999999999997,0.0004445,2.3853487981611597e-05,7.0175538,6.9943185,0.05597868691207378,165576,
Query_288.sparql,5,5,"{'select': 1, 'where': 1, 'optional': 1, 'filter': 1, 'TermFunc': 1}",Success,0.00038270000000000003,0.000381,1.4461058820923936e-05,0.0080015,0.007849,0.000556918356274558,104,
Query_289.sparql,7,11,"{'select': 1, 'SetFunc': 1, 'distinct': 1, 'as': 1, 'where': 1, 'optional': 1, 'filter': 1, 'TermFunc': 1, 'groupby': 1, 'Order': 2}",Success,0.0003842,0.00038,1.3381579378633382e-05,0.0423365,0.037584,0.01502262756459217,172,
Query_290.sparql,7,8,"{'select': 1, 'where': 1, 'optional': 1, 'filter': 1, 'TermFunc': 1, 'groupby': 1, 'Order': 2}",Success,0.0003826,0.000379,1.3040109065665222e-05,0.0035829,0.003552,0.00017763974154951293,1,
Query_291.sparql,7,8,"{'select': 1, 'where': 1, 'optional': 1, 'filter': 1, 'TermFunc': 1, 'groupby': 1, 'Order': 2}",Success,0.0003898,0.00038449999999999997,1.4748257900888195e-05,0.07036440000000001,0.07001850000000001,0.0007506209577557971,1,
Query_292.sparql,15,12,"{'select': 1, 'where': 1, 'optional': 2, 'bind': 2, 'DateFunc': 2, 'as': 2, 'Order': 2}",Success,0.0003871,0.000383,1.851995920321878e-05,0.0044234999999999995,0.004391,0.00022752594479653494,22,
Query_293.sparql,6,8,"{'select': 1, 'distinct': 1, 'where': 1, 'PropertyPath': 2, 'optional': 1, 'minus': 1, 'Order': 1}",Success,0.0003871,0.0003835,1.8740627287023005e-05,0.013883300000000001,0.0132405,0.0013668525117542462,923,
Query_294.sparql,4,4,"{'select': 1, 'where': 1, 'PropertyPath': 2}",Success,0.0004021,0.000405,2.1163123062955e-05,0.1775312,0.17704999999999999,0.0012124280322284567,1628,
Query_295.sparql,10,20,"{'select': 1, 'SetFunc': 2, 'as': 4, 'distinct': 1, 'where': 1, 'bind': 2, 'DateFunc': 1, 'optional': 1, 'filter': 2, 'TermFunc': 1, 'notexists': 1, 'groupby': 1, 'Order': 2}",Timeout,,,,,,,,com.complexible.stardog.plan.eval.operator.OperatorException$Cancelled: Query execution cancelled: Execution time exceeded query timeout 300000
Query_296.sparql,5,6,"{'select': 1, 'distinct': 1, 'where': 1, 'PropertyPath': 2, 'filter': 1}",Success,0.0004327,0.000429,1.787642768191304e-05,8.7081386,8.70801,0.026264695785619276,5789,
Query_297.sparql,6,3,"{'select': 1, 'where': 1, 'minus': 1}",Success,0.0004271,0.00042699999999999997,2.8699399916297114e-05,0.4956422,0.49415549999999997,0.003731389904877553,22362,
Query_298.sparql,7,2,"{'select': 1, 'filter': 1}",Success,0.00040490000000000003,0.00040300000000000004,1.5595227190108884e-05,0.0565812,0.055857500000000004,0.0016003389779807432,141,
Query_299.sparql,6,3,"{'select': 1, 'where': 1, 'values': 1}",Success,0.00037949999999999995,0.000379,9.192388155425114e-06,0.0026382,0.002641,5.151871288937412e-05,41,
Query_300.sparql,5,7,"{'select': 1, 'SetFunc': 1, 'as': 1, 'where': 1, 'groupby': 1, 'Order': 2}",Success,0.000366,0.000366,1.0306416555826886e-05,0.005078,0.0050595,0.0001230176139149724,1,
Query_301.sparql,4,3,"{'select': 1, 'where': 1, 'PropertyPath': 1}",Success,0.0004268,0.0004205,3.685346357912344e-05,0.5015113,0.499355,0.00735646175594404,23483,
Query_302.sparql,18,21,"{'select': 4, 'where': 4, 'SetFunc': 3, 'as': 3, 'groupby': 3, 'having': 2, 'Order': 2}",Success,0.0004556,0.0004565,1.4592235378218559e-05,0.0329546,0.03284,0.0004599568095665784,526,
Query_303.sparql,5,7,"{'select': 1, 'where': 1, 'Order': 2, 'StringFunc': 2, 'limit': 1}",Success,0.0003709,0.000373,7.460265112953797e-06,0.0029316999999999998,0.0028825,0.00021273146870591985,10,
Query_304.sparql,11,19,"{'select': 1, 'SetFunc': 1, 'distinct': 1, 'as': 2, 'where': 1, 'PropertyPath': 3, 'filter': 1, 'bind': 1, 'DateFunc': 5, 'if': 1, 'groupby': 1, 'Order': 1}",Success,0.0004621,0.000465,1.401150321065596e-05,6.043728,6.362432500000001,0.6923945387676977,89,
Query_305.sparql,3,7,"{'select': 1, 'distinct': 1, 'where': 1, 'PropertyPath': 4}",Success,0.0004287,0.0004255,1.8577465441287246e-05,1.3294261,1.326843,0.011227471284012858,268,
Query_306.sparql,6,5,"{'select': 1, 'where': 1, 'PropertyPath': 3}",Success,0.0004142,0.000408,1.7912131208888695e-05,0.9110071,0.8975065,0.04223122243198747,266,
Query_307.sparql,8,5,"{'select': 1, 'distinct': 1, 'PropertyPath': 3}",Success,0.00037099999999999996,0.000367,8.23272602348566e-06,0.0025626,0.002532,9.129829011420651e-05,0,Empty Response
Query_308.sparql,14,16,"{'select': 1, 'distinct': 1, 'DateFunc': 1, 'as': 1, 'where': 1, 'PropertyPath': 2, 'union': 1, 'filter': 2, 'TermFunc': 2, 'optional': 4}",Success,0.000445,0.0004345,2.6051231576773225e-05,0.7811871,0.7646999999999999,0.04951021682093052,736,
Query_309.sparql,6,5,"{'select': 1, 'where': 1, 'optional': 1, 'filter': 1, 'TermFunc': 1}",Success,0.0003955,0.000397,1.9357743210979492e-05,0.024950800000000002,0.024312,0.0013790446612701765,909,
Query_310.sparql,8,9,"{'select': 1, 'distinct': 1, 'DateFunc': 1, 'as': 1, 'where': 1, 'optional': 3, 'Order': 1}",Success,0.00038209999999999996,0.000377,1.890590736604128e-05,0.0061433,0.005774,0.0009042670512630656,118,
Query_311.sparql,5,2,"{'select': 1, 'where': 1}",Success,0.00037400000000000004,0.00037,1.489966442575133e-05,0.0036133,0.003615,0.0001416427823003268,102,
Query_312.sparql,6,5,"{'select': 1, 'SetFunc': 1, 'as': 1, 'where': 1, 'groupby': 1}",Success,0.0004309,0.000426,2.7858571391943282e-05,2.4360806,2.4337915,0.01658943489225726,7205,
Query_313.sparql,24,30,"{'select': 2, 'SetFunc': 6, 'as': 7, 'distinct': 1, 'DateFunc': 1, 'where': 1, 'filter': 4, 'TermFunc': 4, 'optional': 2, 'groupby': 1, 'Order': 1}",Success,0.00040090000000000004,0.000404,1.3706851490323296e-05,0.0134512,0.0128545,0.001466055766712546,5,
Query_314.sparql,6,14,"{'select': 1, 'distinct': 2, 'SetFunc': 2, 'as': 2, 'where': 1, 'optional': 1, 'filter': 1, 'TermFunc': 1, 'groupby': 1, 'Order': 2}",Success,0.0004439,0.0004395,2.0883007446246805e-05,28.881713400000002,28.892355000000002,0.08031524312939269,74639,
Query_315.sparql,20,20,"{'select': 2, 'distinct': 3, 'SetFunc': 1, 'as': 1, 'where': 2, 'PropertyPath': 4, 'filter': 1, 'notexists': 1, 'Order': 2, 'optional': 2, 'groupby': 1}",Success,0.00044080000000000004,0.000441,1.5339129339336343e-05,0.851212,0.8454444999999999,0.016052935197167,396,
Query_316.sparql,10,13,"{'select': 1, 'distinct': 1, 'DateFunc': 1, 'as': 1, 'where': 1, 'PropertyPath': 2, 'optional': 5, 'Order': 1}",Success,0.000393,0.0003875,1.8702346852140696e-05,0.0068769,0.006443,0.0012038356707716475,33,
Query_317.sparql,6,7,"{'select': 1, 'distinct': 1, 'where': 1, 'PropertyPath': 2, 'filter': 1, 'optional': 1}",Success,0.0003937,0.0003955,1.426767909180279e-05,0.009491099999999999,0.008386000000000001,0.0032775514726020027,53,
Query_318.sparql,8,8,"{'select': 1, 'SetFunc': 1, 'as': 1, 'where': 1, 'groupby': 1, 'Order': 2, 'limit': 1}",Success,0.0004585,0.0004615,2.4088955514463014e-05,29.3179265,29.121143,0.7166223250264235,1,
Query_319.sparql,11,10,"{'select': 2, 'where': 2, 'SetFunc': 1, 'as': 1, 'groupby': 1, 'Order': 2, 'limit': 1}",Success,0.0004973,0.000447,0.00018082652828977643,17.2438534,17.159394499999998,0.26658050964731544,100,
Query_320.sparql,5,8,"{'select': 1, 'StringFunc': 1, 'TermFunc': 1, 'NumbericFunc': 1, 'as': 1, 'where': 1, 'Order': 1, 'limit': 1}",Success,0.0004425,0.00044150000000000005,1.4500957822770806e-05,2.9159093,2.9121235,0.023564701129962187,10,
Query_321.sparql,10,8,"{'select': 1, 'SetFunc': 1, 'as': 1, 'where': 1, 'optional': 1, 'groupby': 1, 'having': 1, 'limit': 1}",Success,0.00040270000000000003,0.000401,2.26963041533687e-05,0.0217323,0.021543,0.0005759546760717271,1,
Query_322.sparql,10,8,"{'select': 1, 'SetFunc': 1, 'as': 1, 'where': 1, 'optional': 1, 'groupby': 1, 'having': 1, 'limit': 1}",Success,0.0003834,0.00038449999999999997,1.3607187643137563e-05,0.0210085,0.0209345,0.00022134098882342938,1,
Query_323.sparql,7,7,"{'select': 1, 'where': 1, 'bind': 1, 'TermFunc': 1, 'StringFunc': 1, 'as': 1, 'limit': 1}",Success,0.0003797,0.0003765,1.2472636716695739e-05,0.002709,0.0026405,0.00021755918734909808,10,
Query_324.sparql,5,2,"{'select': 1, 'where': 1}",Success,0.00047280000000000005,0.00046750000000000003,2.897815269014457e-05,0.0073294,0.007611,0.0008441017842785439,34,
Query_325.sparql,10,12,"{'select': 1, 'distinct': 3, 'SetFunc': 2, 'as': 2, 'where': 1, 'filter': 1, 'TermFunc': 1, 'groupby': 1}",Success,0.0004092,0.0004045,1.960045350949252e-05,0.0464198,0.0437055,0.008588250588902132,52,
Query_326.sparql,31,48,"{'select': 2, 'SetFunc': 7, 'as': 8, 'distinct': 5, 'union': 2, 'PropertyPath': 2, 'optional': 7, 'filter': 6, 'TermFunc': 6, 'bind': 1, 'StringFunc': 1, 'groupby': 1}",Timeout,,,,,,,,com.complexible.stardog.plan.eval.operator.OperatorException$Cancelled: Query execution cancelled: Execution time exceeded query timeout 300000
Query_327.sparql,6,8,"{'select': 1, 'where': 1, 'PropertyPath': 2, 'filter': 1, 'StringFunc': 1, 'Order': 1, 'TermFunc': 1}",Timeout,,,,,,,,com.complexible.stardog.plan.eval.operator.OperatorException$Cancelled: Query execution cancelled: Execution time exceeded query timeout 300000
Query_328.sparql,6,9,"{'select': 1, 'where': 1, 'PropertyPath': 2, 'filter': 1, 'StringFunc': 1, 'TermFunc': 2, 'Order': 1}",Timeout,,,,,,,,com.complexible.stardog.plan.eval.operator.OperatorException$Cancelled: Query execution cancelled: Execution time exceeded query timeout 300000
Query_329.sparql,5,7,"{'select': 1, 'SetFunc': 1, 'as': 1, 'where': 1, 'groupby': 1, 'Order': 2}",Success,0.0004045,0.0004035,1.6521030368728362e-05,0.0909021,0.0903815,0.0019821674136044965,3726,
Query_330.sparql,6,4,"{'select': 1, 'where': 1, 'PropertyPath': 2}",Success,0.00039629999999999993,0.000392,1.4461058820923934e-05,0.0353089,0.03499,0.000679436441308368,314,
Query_331.sparql,6,6,"{'select': 1, 'distinct': 1, 'where': 1, 'PropertyPath': 2, 'limit': 1}",Success,0.0003784,0.00038100000000000005,1.575648014839184e-05,0.023557500000000002,0.023531,0.00015600587595771304,500,
Query_332.sparql,3,2,"{'select': 1, 'where': 1}",Success,0.0003753,0.000369,1.9235672879083562e-05,0.0023129,0.002308,6.475329249458187e-05,145,
Query_333.sparql,8,3,"{'select': 1, 'where': 1, 'Order': 1}",Success,0.0003753,0.000371,2.0083437067505263e-05,0.0059501,0.0058575,0.00024313162872997162,84,
Query_334.sparql,5,4,"{'select': 1, 'where': 1, 'PropertyPath': 2}",Success,0.000386,0.000387,1.2256517540566845e-05,0.0243291,0.0243055,0.0008205697817167451,445,
Query_335.sparql,5,4,"{'select': 1, 'where': 1, 'optional': 1, 'limit': 1}",Success,0.0003788,0.00038,1.044349877515512e-05,0.0032138,0.0032025,7.28968830304531e-05,100,
Query_336.sparql,6,10,"{'select': 1, 'where': 1, 'PropertyPath': 4, 'minus': 1, 'Order': 1, 'StringFunc': 1, 'TermFunc': 1}",Success,0.00044209999999999996,0.000444,2.0561290491276716e-05,1.1870343,1.1852555,0.00781365259657736,290,
Query_337.sparql,9,13,"{'select': 1, 'distinct': 1, 'where': 1, 'PropertyPath': 4, 'union': 1, 'filter': 2, 'notexists': 2, 'Order': 1}",Success,0.0003984,0.00039349999999999997,1.2203824537141367e-05,0.9400812999999999,0.9389955,0.004433600519517591,5,
Query_338.sparql,6,4,"{'select': 1, 'where': 1, 'filter': 1, 'TermFunc': 1}",Success,0.0004353,0.0004355,9.405081368896054e-06,0.0675128,0.067224,0.0012924881946591766,1,
Query_339.sparql,4,7,"{'select': 1, 'DateFunc': 1, 'as': 1, 'optional': 1, 'filter': 1, 'TermFunc': 1, 'Order': 1}",Success,0.000375,0.00037600000000000003,8.511430223202492e-06,0.0046581999999999995,0.004647,0.00016301860834477317,45,
Query_340.sparql,6,10,"{'select': 1, 'SetFunc': 1, 'as': 1, 'where': 1, 'filter': 1, 'StringFunc': 2, 'groupby': 1, 'Order': 2}",Success,0.0004281,0.0004255,1.4925369900497152e-05,0.2326003,0.2284745,0.01100998423704594,11,
Query_341.sparql,5,7,"{'select': 1, 'distinct': 1, 'where': 1, 'PropertyPath': 1, 'filter': 1, 'StringFunc': 2}",Success,0.00045319999999999996,0.000454,1.5873107936240958e-05,49.825468900000004,49.893949000000006,0.18948088468611513,10,
Query_342.sparql,4,3,"{'select': 1, 'distinct': 1, 'where': 1}",Success,0.0004317,0.0004385,1.806193049851908e-05,0.38623240000000003,0.38551,0.0035314841765026832,40970,
Query_343.sparql,7,9,"{'select': 1, 'distinct': 1, 'where': 1, 'optional': 1, 'filter': 2, 'StringFunc': 2, 'TermFunc': 1}",Timeout,0.0004412,0.00044249999999999997,1.5310127367203712e-05,434.9945025,449.9877985,46.045634419396585,,Incomplete result
Query_344.sparql,6,9,"{'select': 1, 'SetFunc': 1, 'as': 1, 'where': 1, 'union': 2, 'groupby': 1, 'Order': 2}",Success,0.0004262,0.00041600000000000003,3.217935846332413e-05,0.3771593,0.29925199999999996,0.1800695454428958,28701,
Query_345.sparql,7,3,"{'select': 1, 'where': 1, 'union': 1}",Success,0.0004412,0.0004355,2.3236943765382636e-05,1.3279853,1.255954,0.1291918216701644,212041,
Query_346.sparql,9,4,"{'select': 1, 'distinct': 1, 'where': 1, 'values': 1}",Success,0.000411,0.000408,2.1066033745766633e-05,0.05079789999999999,0.0474465,0.009133214883051858,1320,
Query_347.sparql,5,3,"{'select': 1, 'where': 1, 'union': 1}",Success,0.0004328,0.000435,2.7279622024100306e-05,0.36046769999999995,0.305645,0.15436918626393314,47927,
Query_348.sparql,4,2,"{'select': 1, 'where': 1}",Success,0.000381,0.000379,1.1860297916438121e-05,0.0172071,0.017113999999999997,0.00043645451589420476,3267,
Query_349.sparql,4,2,"{'select': 1, 'where': 1}",Success,0.0004222,0.00041549999999999996,2.688989897092711e-05,0.2885573,0.28779699999999997,0.002472308235457521,44660,
Query_350.sparql,6,6,"{'select': 1, 'where': 1, 'filter': 1, 'StringFunc': 2, 'optional': 1}",Timeout,0.0004539,0.00045200000000000004,1.8064391000590678e-05,449.9837823,449.9853635,0.03174499757634361,,Incomplete result
Query_351.sparql,19,15,"{'select': 1, 'distinct': 1, 'where': 1, 'optional': 5, 'filter': 2, 'StringFunc': 2, 'TermFunc': 2, 'in': 1}",Success,0.00047279999999999995,0.00047099999999999996,2.0164875953554058e-05,5.2606877,5.00572,0.5775971371708929,20,
Query_352.sparql,6,6,"{'select': 1, 'distinct': 1, 'where': 1, 'filter': 1, 'optional': 1, 'Order': 1}",Success,0.0004457,0.00044800000000000005,2.3650463937192525e-05,11.751546,11.726005,0.14011994891362076,95,
Query_015.sparql,4,3,"{'select': 1, 'where': 1, 'filter': 1}",,0.00039519999999999996,0.0003955,9.247221805013182e-06,0.0028208,0.0026804999999999997,0.0003533166033775122,,
Query_055.sparql,8,16,"{'select': 1, 'where': 1, 'PropertyPath': 3, 'optional': 2, 'bind': 2, 'StringFunc': 2, 'TermFunc': 1, 'as': 2, 'coalesce': 1, 'values': 1}",,0.000387,0.000383,1.5136416719656973e-05,0.0029727,0.002842,0.0003440969017265015,,
Query_068.sparql,8,7,"{'select': 1, 'distinct': 1, 'where': 1, 'PropertyPath': 2, 'filter': 1, 'Order': 1}",,0.0003709,0.00037200000000000004,7.738073260042053e-06,0.0025813,0.0025555,9.383206038212934e-05,,
Query_119.sparql,5,3,"{'select': 1, 'where': 1, 'filter': 1}",,0.0003858,0.0003835,1.0174041041351823e-05,0.0025578,0.0025139999999999997,0.00012074932712027848,,
Query_125.sparql,6,6,"{'select': 1, 'where': 1, 'optional': 1, 'bind': 1, 'as': 1, 'Order': 1}",,0.0004503,0.0004485,2.0634652623412125e-05,0.0065371,0.0064715,0.0005110110783752367,,
